{"cameraMode":{"drawMode":0,"name":"Shaded","section":"Shading Mode"},"sceneLighting":true,"audioPlay":false,"sceneViewState":{"m_AlwaysRefresh":false,"showFog":true,"showSkybox":true,"showFlares":true,"showImageEffects":true,"showParticleSystems":true,"showVisualEffectGraphs":true,"m_FxEnabled":true},"in2DMode":false,"pivot":{"x":0.6604518294334412,"y":2.5961530208587648,"z":0.6626625061035156},"rotation":{"x":0.0036353198811411859,"y":0.9920946359634399,"z":-0.12195051461458206,"w":0.029574435204267503},"size":1.7950856685638428,"orthographic":false}